Delegados,Firma_ms,Cifrado_ms,Verificacion_ms
4,0.000000,0.000000,0.000000
16,0.000000,0.000000,0.000000
32,0.000000,0.000000,0.000000
64,0.000000,0.000000,0.000000
