Delegados,Firma_ms,Cifrado_ms,Verificacion_ms
4,63.010325,63.010325,63.010325
16,62.203438,62.203438,62.203438
32,62.204966,62.204966,62.204966
64,62.361238,62.361238,62.361238
