Repeticion,Simetrico_ms,Asimetrico_ms
1,0.121524,3.150478
2,0.320642,0.117753
3,0.092679,0.118870
4,0.084019,0.090235
5,0.062438,0.095613
Average,0.136260,0.714590
