Repeticion,Simetrico_ms,Asimetrico_ms
1,0.104300,1.438500
2,0.127700,0.229000
3,0.066300,0.115100
4,0.089100,0.107500
5,0.063900,0.130600
Average,0.090260,0.404140
