Iteration,Firma_ms,Cifrado_ms,Verificacion_ms
1,12,12,12
2,2,2,2
3,2,2,2
4,2,2,2
5,2,2,2
6,2,2,2
7,1,1,1
8,1,1,1
9,1,1,1
10,2,2,2
11,1,1,1
12,1,1,1
13,1,1,1
14,1,1,1
15,1,1,1
16,2,2,2
17,1,1,1
18,1,1,1
19,1,1,1
20,1,1,1
21,1,1,1
22,1,1,1
23,1,1,1
24,1,1,1
25,1,1,1
26,1,1,1
27,1,1,1
28,1,1,1
29,1,1,1
30,1,1,1
31,1,1,1
32,2,2,2
Average,1.593750,1.593750,1.593750
