Repeticion,Simetrico_ops_s,Asimetrico_ops_s
1,108952.638288,55923.720046
2,98041.138062,74410.852079
3,128412.563885,70090.346457
4,152237.124545,77278.558291
5,156993.264989,73855.243722
Average,128927.345954,70311.744119
